# BLE build (env:esp32dev-ble): NimBLE adds ~235 KB, which doesn't fit the
# standard 1.5 MB app slots. Same 4 MB flash, larger app slots; LittleFS keeps
# its 512 KB size (at a new offset) so the standard release web-UI image fits;
# app slots must be 64 KB aligned, which leaves 64 KB unused before LittleFS.
# Switching layouts requires a USB flash - OTA can't rewrite the partition table.
# Name,   Type, SubType, Offset,  Size, Flags
nvs,      data, nvs,     0x9000,  0x5000,
otadata,  data, ota,     0xe000,  0x2000,
app0,     app,  ota_0,   0x10000, 0x1B0000,
app1,     app,  ota_1,   0x1C0000,0x1B0000,
spiffs,   data, spiffs,  0x380000,0x80000,
